airport_code,airport_name,total_flights,operated_flights,cancelled_flights,cancellation_pct,avg_departure_delay_mins,avg_departure_delay_time,avg_arrival_delay_mins,avg_arrival_delay_time,congestion_risk_score,congestion_rank
10135,"Airport Code: 10135",239,239,0,0.00,9,00:09:22,7,00:06:34,4.12,207
10136,"Airport Code: 10136",201,194,7,3.48,4,00:04:04,-6,-00:05:57,1.77,406
10140,"Airport Code: 10140",1816,1809,7,0.39,6,00:05:58,1,00:00:42,2.12,375
10141,"Airport Code: 10141",71,70,1,1.41,2,00:01:31,1,00:00:40,1.29,445
10146,"Airport Code: 10146",87,87,0,0.00,9,00:08:40,11,00:10:45,4.75,160
10154,"Airport Code: 10154",28,28,0,0.00,23,00:22:51,26,00:25:32,11.96,6
10155,"Airport Code: 10155",148,141,7,4.73,-4,-00:04:07,-13,-00:12:34,-1.39,592
10157,"Airport Code: 10157",122,119,3,2.46,12,00:12:14,9,00:09:15,6.75,41
10158,"Airport Code: 10158",248,247,1,0.40,0,-00:00:05,-5,-00:04:43,-0.76,577
10165,"Airport Code: 10165",9,9,0,0.00,18,00:17:33,20,00:19:33,9.18,18
10170,"Airport Code: 10170",31,28,3,9.68,-2,-00:01:51,2,00:01:30,4.58,176
10185,"Airport Code: 10185",282,278,4,1.42,4,00:03:31,1,00:00:33,1.87,397
10208,"Airport Code: 10208",223,223,0,0.00,1,00:00:33,3,00:02:58,0.75,488
10257,"Airport Code: 10257",734,733,1,0.14,2,00:01:38,-6,-00:06:01,-0.64,574
10268,"Airport Code: 10268",57,57,0,0.00,-6,-00:05:59,-17,-00:17:23,-5.27,626
10279,"Airport Code: 10279",307,304,3,0.98,4,00:04:05,2,00:01:42,2.05,380
10299,"Airport Code: 10299",1234,1228,6,0.49,1,00:01:08,-2,-00:01:44,0.24,523
10333,"Airport Code: 10333",53,50,3,5.66,-1,-00:01:24,4,00:04:23,3.29,281
10372,"Airport Code: 10372",59,58,1,1.69,3,00:02:54,2,00:02:18,2.18,368
10397,"Airport Code: 10397",32588,32557,31,0.10,4,00:04:14,-4,-00:04:13,0.47,501
10408,"Airport Code: 10408",260,259,1,0.38,3,00:03:15,4,00:04:08,2.00,384
10423,"Airport Code: 10423",4021,3879,142,3.53,8,00:07:52,1,00:01:03,4.34,194
10431,"Airport Code: 10431",284,279,5,1.76,8,00:08:28,9,00:08:35,5.14,122
10434,"Airport Code: 10434",113,113,0,0.00,7,00:07:27,7,00:06:45,3.58,262
10469,"Airport Code: 10469",121,120,1,0.83,-1,-00:01:16,-3,-00:02:42,-0.50,568
10529,"Airport Code: 10529",1714,1708,6,0.35,2,00:02:08,-6,-00:06:06,-0.41,560
10551,"Airport Code: 10551",84,84,0,0.00,1,00:00:34,5,00:04:36,1.09,459
10561,"Airport Code: 10561",183,183,0,0.00,0,-00:00:13,0,-00:00:09,-0.10,546
10577,"Airport Code: 10577",62,62,0,0.00,4,00:04:27,8,00:07:34,2.85,316
10581,"Airport Code: 10581",27,27,0,0.00,20,00:20:07,17,00:17:04,9.45,15
10599,"Airport Code: 10599",1146,1143,3,0.26,7,00:06:50,2,00:01:31,2.49,346
10620,"Airport Code: 10620",264,263,1,0.38,-3,-00:02:52,-7,-00:07:18,-2.13,606
10627,"Airport Code: 10627",339,338,1,0.29,1,00:01:16,-4,-00:03:38,-0.20,552
10631,"Airport Code: 10631",62,62,0,0.00,0,-00:00:17,-2,-00:01:57,-0.48,566
10685,"Airport Code: 10685",238,238,0,0.00,-1,-00:01:25,-7,-00:06:54,-1.80,598
10693,"Airport Code: 10693",4477,4456,21,0.47,6,00:05:57,-1,-00:01:07,1.79,403
10713,"Airport Code: 10713",1160,1157,3,0.26,6,00:06:12,2,00:02:18,2.45,349
10721,"Airport Code: 10721",10164,10115,49,0.48,5,00:05:08,-2,-00:01:43,1.44,428
10728,"Airport Code: 10728",87,85,2,2.30,1,00:01:05,-3,-00:03:21,0.80,487
10731,"Airport Code: 10731",85,85,0,0.00,9,00:08:52,1,00:00:46,2.81,321
10732,"Airport Code: 10732",96,96,0,0.00,12,00:11:46,7,00:06:48,4.89,147
10739,"Airport Code: 10739",53,53,0,0.00,5,00:04:53,6,00:05:37,2.59,341
10747,"Airport Code: 10747",204,196,8,3.92,2,00:02:25,-6,-00:06:20,1.42,431
10754,"Airport Code: 10754",81,80,1,1.23,0,00:00:16,0,-00:00:14,0.65,494
10779,"Airport Code: 10779",62,61,1,1.61,-6,-00:05:38,-10,-00:09:37,-2.81,620
10781,"Airport Code: 10781",659,648,11,1.67,8,00:07:54,6,00:05:54,4.39,190
10785,"Airport Code: 10785",348,345,3,0.86,6,00:05:50,4,00:03:37,2.91,311
10792,"Airport Code: 10792",1593,1585,8,0.50,4,00:04:01,-1,-00:01:18,1.19,452
10800,"Airport Code: 10800",1768,1755,13,0.74,3,00:02:35,1,00:00:59,1.34,441
10821,"Airport Code: 10821",8022,8002,20,0.25,8,00:08:10,2,00:01:42,2.91,312
10849,"Airport Code: 10849",335,334,1,0.30,-3,-00:02:50,-7,-00:07:06,-2.12,605
10868,"Airport Code: 10868",434,414,20,4.61,8,00:08:04,6,00:05:38,5.85,82
10874,"Airport Code: 10874",491,489,2,0.41,3,00:03:15,-1,-00:01:29,0.88,482
10918,"Airport Code: 10918",53,53,0,0.00,-5,-00:04:53,-5,-00:05:27,-2.56,616
10926,"Airport Code: 10926",62,62,0,0.00,-5,-00:05:29,-2,-00:02:06,-2.06,604
10980,"Airport Code: 10980",417,415,2,0.48,5,00:04:42,4,00:03:42,2.39,354
10990,"Airport Code: 10990",237,236,1,0.42,5,00:05:10,1,00:01:04,1.97,388
10994,"Airport Code: 10994",1207,1205,2,0.17,6,00:06:27,2,00:01:43,2.36,356
11003,"Airport Code: 11003",532,529,3,0.56,2,00:02:25,2,00:01:50,1.37,438
11013,"Airport Code: 11013",57,57,0,0.00,3,00:03:06,4,00:03:31,1.63,412
11042,"Airport Code: 11042",3224,3205,19,0.59,4,00:03:54,-2,-00:01:43,1.12,455
11049,"Airport Code: 11049",223,218,5,2.24,0,-00:00:24,-6,-00:05:46,-0.15,549
11057,"Airport Code: 11057",9572,9551,21,0.22,5,00:04:41,2,00:01:37,1.84,399
11066,"Airport Code: 11066",2188,2179,9,0.41,4,00:04:15,-2,-00:02:11,1.04,464
11067,"Airport Code: 11067",206,206,0,0.00,-2,-00:01:36,-9,-00:08:57,-2.27,609
11076,"Airport Code: 11076",62,60,2,3.23,-4,-00:03:35,-6,-00:05:54,-0.64,575
11097,"Airport Code: 11097",31,30,1,3.23,4,00:04:14,5,00:04:52,3.86,240
11109,"Airport Code: 11109",610,608,2,0.33,7,00:06:31,5,00:05:06,3.14,294
11111,"Airport Code: 11111",123,123,0,0.00,6,00:05:56,1,00:01:16,2.03,381
11122,"Airport Code: 11122",138,137,1,0.72,-2,-00:02:18,-4,-00:04:11,-1.17,584
11140,"Airport Code: 11140",366,360,6,1.64,10,00:09:45,6,00:05:37,4.87,152
11146,"Airport Code: 11146",224,224,0,0.00,5,00:04:30,4,00:04:06,2.17,370
11150,"Airport Code: 11150",112,112,0,0.00,6,00:05:48,4,00:04:03,2.55,343
11193,"Airport Code: 11193",1919,1908,11,0.57,2,00:02:27,-1,-00:01:25,0.74,489
11203,"Airport Code: 11203",145,145,0,0.00,-3,-00:02:43,-3,-00:02:32,-1.32,590
11252,"Airport Code: 11252",119,119,0,0.00,-1,-00:01:17,-5,-00:04:45,-1.33,591
11259,"Airport Code: 11259",5930,5884,46,0.78,10,00:10:28,6,00:05:45,4.68,169
11267,"Airport Code: 11267",753,747,6,0.80,3,00:02:53,0,00:00:20,1.33,442
11274,"Airport Code: 11274",87,87,0,0.00,-2,-00:01:30,-8,-00:07:32,-1.96,601
11278,"Airport Code: 11278",6819,6770,49,0.72,5,00:04:41,-1,-00:01:04,1.55,422
11292,"Airport Code: 11292",18136,18103,33,0.18,6,00:05:53,-1,-00:01:15,1.61,416
11298,"Airport Code: 11298",21044,20631,413,1.96,7,00:06:55,1,00:00:44,3.21,292
11308,"Airport Code: 11308",118,118,0,0.00,5,00:05:03,6,00:06:22,2.79,323
11315,"Airport Code: 11315",61,61,0,0.00,4,00:03:42,0,00:00:26,1.20,449
11337,"Airport Code: 11337",223,222,1,0.45,3,00:03:01,5,00:05:11,2.16,371
11413,"Airport Code: 11413",178,177,1,0.56,10,00:09:56,5,00:04:58,4.25,199
11423,"Airport Code: 11423",710,705,5,0.70,5,00:04:39,-1,-00:01:23,1.47,426
11433,"Airport Code: 11433",9925,9902,23,0.23,5,00:04:55,-1,-00:00:51,1.42,432
11447,"Airport Code: 11447",49,49,0,0.00,-2,-00:01:38,-7,-00:06:36,-1.81,599
11471,"Airport Code: 11471",62,62,0,0.00,12,00:11:30,6,00:05:57,4.64,171
11481,"Airport Code: 11481",376,376,0,0.00,2,00:01:39,-3,-00:03:02,-0.11,547
11503,"Airport Code: 11503",4,4,0,0.00,-9,-00:08:30,-16,-00:16:00,-5.75,628
11525,"Airport Code: 11525",53,53,0,0.00,-6,-00:05:31,-4,-00:03:37,-2.38,610
11537,"Airport Code: 11537",195,195,0,0.00,0,00:00:13,5,00:04:50,1.03,465
11540,"Airport Code: 11540",1046,1042,4,0.38,6,00:05:57,1,00:01:24,2.26,363
11577,"Airport Code: 11577",57,57,0,0.00,-4,-00:04:19,-6,-00:06:12,-2.53,615
11587,"Airport Code: 11587",53,52,1,1.89,10,00:09:31,8,00:07:58,5.39,103
11603,"Airport Code: 11603",328,326,2,0.61,4,00:04:06,0,00:00:13,1.58,420
11612,"Airport Code: 11612",399,397,2,0.50,7,00:06:52,5,00:04:59,3.31,278
11617,"Airport Code: 11617",55,55,0,0.00,4,00:03:41,4,00:03:35,1.82,402
11618,"Airport Code: 11618",9622,9528,94,0.98,8,00:08:26,-2,-00:01:54,2.64,337
11624,"Airport Code: 11624",151,151,0,0.00,-3,-00:02:48,-6,-00:05:52,-2.02,602
11630,"Airport Code: 11630",177,176,1,0.56,-3,-00:02:52,-3,-00:03:04,-1.19,586
11637,"Airport Code: 11637",527,524,3,0.57,3,00:03:01,-1,-00:00:32,1.08,460
11638,"Airport Code: 11638",656,653,3,0.46,4,00:04:30,4,00:03:55,2.36,357
11641,"Airport Code: 11641",150,150,0,0.00,4,00:03:40,-1,-00:00:46,0.94,474
11648,"Airport Code: 11648",123,123,0,0.00,-6,-00:06:05,-9,-00:09:01,-3.63,623
11695,"Airport Code: 11695",158,156,2,1.27,11,00:10:40,12,00:12:26,6.32,55
11697,"Airport Code: 11697",5812,5769,43,0.74,7,00:07:20,1,00:01:21,2.84,318
11721,"Airport Code: 11721",413,412,1,0.24,-1,-00:00:52,-6,-00:05:36,-1.26,588
11775,"Airport Code: 11775",445,443,2,0.45,4,00:04:03,1,00:01:26,1.72,408
11778,"Airport Code: 11778",180,175,5,2.78,-1,-00:00:57,-7,-00:07:06,-0.32,557
11823,"Airport Code: 11823",511,511,0,0.00,0,00:00:05,-2,-00:02:29,-0.47,564
11865,"Airport Code: 11865",88,88,0,0.00,6,00:05:38,1,00:01:11,1.93,391
11867,"Airport Code: 11867",62,60,2,3.23,-3,-00:02:32,-10,-00:09:33,-1.06,583
11884,"Airport Code: 11884",828,826,2,0.24,4,00:04:11,1,00:01:18,1.63,413
11898,"Airport Code: 11898",90,90,0,0.00,-1,-00:00:30,3,00:02:51,0.42,508
11905,"Airport Code: 11905",59,57,2,3.39,8,00:07:39,5,00:04:55,4.97,137
11921,"Airport Code: 11921",271,270,1,0.37,6,00:05:54,5,00:05:05,2.97,307
11953,"Airport Code: 11953",234,234,0,0.00,6,00:05:45,3,00:03:21,2.39,355
11973,"Airport Code: 11973",304,298,6,1.97,3,00:02:43,-1,-00:00:49,1.64,411
11977,"Airport Code: 11977",489,488,1,0.20,2,00:01:36,2,00:01:33,0.89,480
11980,"Airport Code: 11980",57,56,1,1.75,-4,-00:03:55,-11,-00:10:51,-2.47,614
11982,"Airport Code: 11982",371,361,10,2.70,1,00:00:54,-4,-00:03:53,0.84,485
11986,"Airport Code: 11986",928,923,5,0.54,1,00:01:26,-2,-00:02:21,0.23,524
11995,"Airport Code: 11995",598,594,4,0.67,4,00:03:52,-1,-00:00:38,1.36,440
11996,"Airport Code: 11996",631,628,3,0.48,2,00:02:04,-2,-00:02:01,0.45,503
12003,"Airport Code: 12003",190,190,0,0.00,-2,-00:01:37,-4,-00:03:45,-1.23,587
12007,"Airport Code: 12007",88,88,0,0.00,0,00:00:25,5,00:05:16,1.18,453
12016,"Airport Code: 12016",31,29,2,6.45,-1,-00:00:54,2,00:01:33,3.27,284
12094,"Airport Code: 12094",20,20,0,0.00,-4,-00:04:12,-6,-00:05:54,-2.44,612
12129,"Airport Code: 12129",84,83,1,1.19,13,00:13:26,11,00:10:49,6.79,40
12156,"Airport Code: 12156",141,141,0,0.00,1,00:00:38,0,-00:00:27,0.10,536
12173,"Airport Code: 12173",3780,3766,14,0.37,2,00:01:50,-2,-00:01:54,0.35,513
12177,"Airport Code: 12177",53,53,0,0.00,0,-00:00:07,-2,-00:02:15,-0.48,567
12191,"Airport Code: 12191",4718,4692,26,0.55,9,00:08:30,2,00:02:23,3.30,279
12197,"Airport Code: 12197",721,718,3,0.42,6,00:06:26,4,00:04:23,3.01,304
12206,"Airport Code: 12206",287,281,6,2.09,7,00:06:59,2,00:01:54,3.52,267
12217,"Airport Code: 12217",390,390,0,0.00,2,00:01:43,-3,-00:02:40,-0.01,541
12255,"Airport Code: 12255",53,53,0,0.00,-4,-00:03:48,-3,-00:02:52,-1.71,597
12264,"Airport Code: 12264",2996,2985,11,0.37,6,00:06:02,-3,-00:03:00,1.40,434
12265,"Airport Code: 12265",22,22,0,0.00,3,00:02:46,1,00:01:14,1.08,461
12266,"Airport Code: 12266",13211,13119,92,0.70,7,00:07:29,2,00:01:43,2.94,309
12278,"Airport Code: 12278",698,692,6,0.86,2,00:01:57,-2,-00:01:44,0.67,492
12280,"Airport Code: 12280",201,201,0,0.00,1,00:01:09,-1,-00:00:40,0.21,525
12323,"Airport Code: 12323",215,214,1,0.47,1,00:00:56,-1,-00:01:03,0.30,520
12335,"Airport Code: 12335",58,57,1,1.72,-3,-00:02:32,-9,-00:08:36,-1.62,596
12339,"Airport Code: 12339",2373,2365,8,0.34,4,00:03:58,-2,-00:02:25,0.87,483
12343,"Airport Code: 12343",53,52,1,1.89,4,00:04:10,3,00:02:30,2.70,331
12389,"Airport Code: 12389",221,220,1,0.45,0,00:00:10,-3,-00:03:29,-0.42,561
12391,"Airport Code: 12391",366,366,0,0.00,9,00:08:46,-1,-00:01:09,2.40,353
12402,"Airport Code: 12402",503,503,0,0.00,-2,-00:01:56,-1,-00:01:19,-0.84,580
12441,"Airport Code: 12441",158,158,0,0.00,2,00:02:22,-6,-00:05:38,-0.42,562
12448,"Airport Code: 12448",654,647,7,1.07,-1,-00:00:36,-7,-00:06:57,-1.03,582
12451,"Airport Code: 12451",1712,1705,7,0.41,3,00:02:58,-1,-00:01:11,0.86,484
12478,"Airport Code: 12478",8303,8272,31,0.37,8,00:07:37,-2,-00:01:42,2.13,373
12511,"Airport Code: 12511",58,58,0,0.00,-7,-00:06:41,-9,-00:08:32,-3.71,624
12519,"Airport Code: 12519",75,75,0,0.00,-8,-00:08:15,-11,-00:10:58,-4.67,625
12523,"Airport Code: 12523",336,330,6,1.79,5,00:04:57,6,00:06:01,3.58,263
12758,"Airport Code: 12758",967,967,0,0.00,0,00:00:09,-2,-00:02:05,-0.37,558
12819,"Airport Code: 12819",186,182,4,2.15,3,00:02:42,4,00:03:54,2.66,336
12884,"Airport Code: 12884",222,220,2,0.90,-2,-00:01:47,0,00:00:14,-0.04,544
12888,"Airport Code: 12888",53,52,1,1.89,0,00:00:22,-8,-00:07:58,-0.54,570
12889,"Airport Code: 12889",12688,12660,28,0.22,7,00:06:34,2,00:01:48,2.44,352
12891,"Airport Code: 12891",124,119,5,4.03,4,00:03:34,-1,-00:01:09,2.86,314
12892,"Airport Code: 12892",17728,17653,75,0.42,5,00:05:16,1,00:00:32,1.90,392
12896,"Airport Code: 12896",436,432,4,0.92,10,00:10:27,8,00:07:50,5.16,121
12898,"Airport Code: 12898",117,115,2,1.71,5,00:05:27,3,00:03:10,3.13,296
12915,"Airport Code: 12915",198,191,7,3.54,-3,-00:03:04,-9,-00:08:46,-0.91,581
12945,"Airport Code: 12945",587,584,3,0.51,1,00:00:34,-3,-00:02:55,-0.16,550
12951,"Airport Code: 12951",431,424,7,1.62,5,00:04:43,1,00:01:27,2.52,345
12953,"Airport Code: 12953",8590,8465,125,1.46,7,00:07:30,-2,-00:01:31,2.67,335
12954,"Airport Code: 12954",774,772,2,0.26,5,00:04:50,4,00:03:31,2.28,361
12982,"Airport Code: 12982",881,880,1,0.11,1,00:00:58,-2,-00:01:38,0.02,540
12992,"Airport Code: 12992",1048,1038,10,0.95,4,00:03:56,-1,-00:01:08,1.43,430
13029,"Airport Code: 13029",288,288,0,0.00,-1,-00:00:41,-2,-00:02:00,-0.60,572
13061,"Airport Code: 13061",203,198,5,2.46,2,00:02:25,-3,-00:03:22,1.28,446
13076,"Airport Code: 13076",166,165,1,0.60,7,00:07:16,5,00:05:12,3.52,268
13127,"Airport Code: 13127",53,53,0,0.00,-5,-00:04:48,-10,-00:09:52,-3.41,622
13158,"Airport Code: 13158",600,592,8,1.33,7,00:06:39,3,00:02:33,3.17,293
13184,"Airport Code: 13184",142,140,2,1.41,5,00:04:37,5,00:05:14,3.13,297
13198,"Airport Code: 13198",3555,3544,11,0.31,3,00:03:13,-3,-00:03:09,0.49,499
13204,"Airport Code: 13204",9047,9020,27,0.30,5,00:04:48,0,-00:00:22,1.52,423
13230,"Airport Code: 13230",285,285,0,0.00,1,00:00:56,-6,-00:05:32,-0.82,579
13232,"Airport Code: 13232",7617,7610,7,0.09,5,00:04:54,-3,-00:02:43,0.97,471
13241,"Airport Code: 13241",84,83,1,1.19,10,00:10:05,10,00:10:09,5.65,86
13244,"Airport Code: 13244",1520,1512,8,0.53,3,00:02:47,-3,-00:03:02,0.49,500
13256,"Airport Code: 13256",238,231,7,2.94,0,00:00:07,-6,-00:05:39,0.38,512
13264,"Airport Code: 13264",243,240,3,1.23,2,00:01:38,-1,-00:00:41,0.97,472
13277,"Airport Code: 13277",309,306,3,0.97,4,00:03:37,1,00:01:28,1.87,398
13290,"Airport Code: 13290",151,150,1,0.66,-2,-00:01:33,-9,-00:08:33,-1.84,600
13296,"Airport Code: 13296",577,574,3,0.52,7,00:06:40,0,-00:00:06,2.24,364
13303,"Airport Code: 13303",5958,5944,14,0.23,5,00:05:28,0,00:00:11,1.79,404
13342,"Airport Code: 13342",2642,2634,8,0.30,2,00:02:28,-3,-00:02:52,0.32,516
13344,"Airport Code: 13344",62,62,0,0.00,0,00:00:29,-1,-00:01:25,-0.14,548
13360,"Airport Code: 13360",116,116,0,0.00,5,00:04:46,-3,-00:02:40,0.90,479
13367,"Airport Code: 13367",308,306,2,0.65,0,00:00:08,-5,-00:04:32,-0.54,571
13377,"Airport Code: 13377",279,275,4,1.43,4,00:03:38,2,00:02:12,2.24,365
13422,"Airport Code: 13422",437,430,7,1.60,4,00:04:15,4,00:03:57,2.86,315
13433,"Airport Code: 13433",218,217,1,0.46,-2,-00:02:12,-5,-00:04:59,-1.43,594
13459,"Airport Code: 13459",26,26,0,0.00,2,00:01:58,-4,-00:04:23,-0.29,556
13476,"Airport Code: 13476",241,233,8,3.32,4,00:04:14,3,00:02:36,3.45,269
13485,"Airport Code: 13485",838,838,0,0.00,2,00:02:09,-1,-00:01:07,0.42,509
13486,"Airport Code: 13486",171,171,0,0.00,-1,-00:01:07,-5,-00:04:37,-1.26,589
13487,"Airport Code: 13487",10584,10568,16,0.15,3,00:03:17,-3,-00:03:05,0.45,504
13495,"Airport Code: 13495",3663,3653,10,0.27,5,00:05:06,-1,-00:01:22,1.39,435
13502,"Airport Code: 13502",6,6,0,0.00,-6,-00:05:40,-5,-00:05:20,-2.77,619
13541,"Airport Code: 13541",11,11,0,0.00,2,00:01:55,1,00:00:44,0.72,491
13577,"Airport Code: 13577",507,506,1,0.20,4,00:04:26,2,00:02:20,1.89,393
13795,"Airport Code: 13795",112,112,0,0.00,9,00:09:24,11,00:11:28,5.12,123
13796,"Airport Code: 13796",4016,3996,20,0.50,5,00:04:50,1,00:00:59,1.89,394
13830,"Airport Code: 13830",1823,1814,9,0.49,2,00:02:10,-1,-00:01:20,0.63,495
13851,"Airport Code: 13851",1641,1630,11,0.67,4,00:03:34,-2,-00:01:39,1.08,462
13871,"Airport Code: 13871",1501,1494,7,0.47,3,00:02:32,-2,-00:02:20,0.53,498
13873,"Airport Code: 13873",62,58,4,6.45,9,00:09:13,12,00:12:25,8.48,22
13891,"Airport Code: 13891",1742,1736,6,0.34,5,00:05:26,3,00:02:43,2.35,358
13930,"Airport Code: 13930",27652,27602,50,0.18,5,00:04:48,-2,-00:02:29,1.03,466
13931,"Airport Code: 13931",914,913,1,0.11,4,00:04:25,-2,-00:01:49,1.02,467
13933,"Airport Code: 13933",62,59,3,4.84,5,00:04:35,-4,-00:03:51,3.02,303
13964,"Airport Code: 13964",36,32,4,11.11,29,00:28:51,31,00:31:21,20.48,2
13970,"Airport Code: 13970",62,61,1,1.61,10,00:09:38,6,00:06:08,4.92,145
14006,"Airport Code: 14006",62,60,2,3.23,-3,-00:02:56,-5,-00:05:03,-0.28,555
14025,"Airport Code: 14025",13,13,0,0.00,18,00:17:32,13,00:12:51,7.83,24
14027,"Airport Code: 14027",1742,1736,6,0.34,5,00:05:16,1,00:01:10,1.99,386
14057,"Airport Code: 14057",4550,4544,6,0.13,1,00:01:29,-5,-00:04:43,-0.43,563
14098,"Airport Code: 14098",114,114,0,0.00,5,00:05:11,3,00:02:53,2.13,374
14100,"Airport Code: 14100",6094,6075,19,0.31,6,00:06:01,-2,-00:01:49,1.59,419
14107,"Airport Code: 14107",12921,12904,17,0.13,5,00:04:37,0,-00:00:01,1.45,427
14108,"Airport Code: 14108",476,474,2,0.42,1,00:01:03,-2,-00:01:37,0.20,527
14109,"Airport Code: 14109",53,52,1,1.89,3,00:02:36,5,00:04:50,2.69,332
14113,"Airport Code: 14113",57,57,0,0.00,-7,-00:06:39,-2,-00:02:18,-2.45,613
14122,"Airport Code: 14122",2131,2128,3,0.14,4,00:03:34,-5,-00:04:53,0.16,533
14150,"Airport Code: 14150",62,62,0,0.00,2,00:01:34,-1,-00:00:52,0.30,521
14193,"Airport Code: 14193",478,474,4,0.84,3,00:02:57,-2,-00:01:59,0.91,478
14222,"Airport Code: 14222",9,9,0,0.00,89,01:29:07,100,01:40:00,46.73,1
14252,"Airport Code: 14252",210,210,0,0.00,3,00:03:09,-1,-00:00:41,0.81,486
14254,"Airport Code: 14254",62,60,2,3.23,-2,-00:01:57,-4,-00:03:32,0.32,517
14256,"Airport Code: 14256",62,60,2,3.23,7,00:06:39,8,00:07:51,5.18,119
14262,"Airport Code: 14262",673,673,0,0.00,5,00:05:19,3,00:03:25,2.28,362
14307,"Airport Code: 14307",1098,1092,6,0.55,4,00:04:05,-3,-00:02:51,0.93,476
14321,"Airport Code: 14321",477,475,2,0.42,6,00:06:00,3,00:03:06,2.63,339
14457,"Airport Code: 14457",236,233,3,1.27,7,00:07:16,2,00:02:18,3.27,285
14487,"Airport Code: 14487",62,62,0,0.00,14,00:13:40,6,00:05:37,5.22,116
14489,"Airport Code: 14489",200,200,0,0.00,-3,-00:03:22,-6,-00:06:10,-2.24,608
14492,"Airport Code: 14492",3002,2989,13,0.43,4,00:03:48,-2,-00:01:57,0.97,473
14520,"Airport Code: 14520",88,86,2,2.27,-3,-00:02:56,-5,-00:04:50,-0.71,576
14524,"Airport Code: 14524",1647,1634,13,0.79,5,00:04:44,0,00:00:19,1.88,395
14543,"Airport Code: 14543",57,57,0,0.00,-2,-00:02:13,-9,-00:08:45,-2.41,611
14570,"Airport Code: 14570",1144,1140,4,0.35,5,00:04:34,1,00:01:24,1.83,401
14574,"Airport Code: 14574",223,223,0,0.00,-1,-00:00:36,-3,-00:03:02,-0.78,578
14576,"Airport Code: 14576",737,733,4,0.54,5,00:04:43,0,00:00:12,1.73,407
14588,"Airport Code: 14588",92,88,4,4.35,5,00:04:33,-4,-00:04:01,2.74,327
14633,"Airport Code: 14633",185,185,0,0.00,4,00:03:52,-1,-00:00:49,1.00,469
14635,"Airport Code: 14635",1766,1760,6,0.34,2,00:02:02,-3,-00:02:53,0.20,528
14674,"Airport Code: 14674",93,89,4,4.30,10,00:10:23,3,00:03:15,5.91,74
14679,"Airport Code: 14679",6209,6190,19,0.31,4,00:03:45,0,-00:00:19,1.22,448
14683,"Airport Code: 14683",2624,2604,20,0.76,5,00:05:01,-3,-00:03:26,1.20,450
14685,"Airport Code: 14685",661,658,3,0.45,6,00:06:28,2,00:01:35,2.49,347
14689,"Airport Code: 14689",565,564,1,0.18,6,00:05:52,7,00:06:51,3.22,291
14696,"Airport Code: 14696",415,415,0,0.00,8,00:07:38,6,00:06:23,3.57,264
14698,"Airport Code: 14698",250,246,4,1.60,6,00:06:02,6,00:06:25,3.89,235
14709,"Airport Code: 14709",81,80,1,1.23,-3,-00:02:36,-1,-00:01:05,-0.38,559
14711,"Airport Code: 14711",62,62,0,0.00,-4,-00:03:46,-5,-00:04:32,-2.04,603
14730,"Airport Code: 14730",843,842,1,0.12,3,00:02:57,-4,-00:03:53,0.17,531
14747,"Airport Code: 14747",10388,10369,19,0.18,4,00:03:45,-2,-00:01:37,0.89,481
14771,"Airport Code: 14771",14170,14114,56,0.40,6,00:06:19,2,00:01:47,2.45,350
14783,"Airport Code: 14783",531,524,7,1.32,2,00:02:01,-2,-00:01:37,0.94,475
14794,"Airport Code: 14794",203,203,0,0.00,3,00:02:30,2,00:02:14,1.20,451
14814,"Airport Code: 14814",556,549,7,1.26,4,00:04:13,1,00:01:18,2.15,372
14828,"Airport Code: 14828",93,93,0,0.00,1,00:01:26,3,00:03:21,1.10,458
14831,"Airport Code: 14831",3481,3463,18,0.52,4,00:03:36,1,00:01:20,1.60,417
14842,"Airport Code: 14842",149,144,5,3.36,4,00:04:04,-5,-00:05:16,1.84,400
14843,"Airport Code: 14843",1868,1863,5,0.27,6,00:05:42,2,00:02:19,2.31,359
14869,"Airport Code: 14869",8763,8753,10,0.11,1,00:01:14,-3,-00:03:24,-0.25,554
14893,"Airport Code: 14893",3618,3602,16,0.44,4,00:04:28,2,00:02:02,1.97,389
14905,"Airport Code: 14905",62,61,1,1.61,5,00:04:43,3,00:03:09,2.85,317
14908,"Airport Code: 14908",3542,3529,13,0.37,4,00:03:50,0,00:00:11,1.37,439
14952,"Airport Code: 14952",150,149,1,0.67,3,00:02:47,-1,-00:00:50,1.00,470
14960,"Airport Code: 14960",122,118,4,3.28,5,00:04:36,-7,-00:06:35,1.70,409
14986,"Airport Code: 14986",305,304,1,0.33,8,00:07:53,4,00:03:46,3.29,282
15016,"Airport Code: 15016",4314,4300,14,0.32,4,00:03:46,-3,-00:03:18,0.63,496
15024,"Airport Code: 15024",237,237,0,0.00,1,00:01:27,-1,-00:01:15,0.18,529
15027,"Airport Code: 15027",68,68,0,0.00,9,00:08:40,9,00:08:54,4.38,192
15041,"Airport Code: 15041",62,60,2,3.23,-1,-00:00:55,-5,-00:04:33,0.43,506
15048,"Airport Code: 15048",57,57,0,0.00,-4,-00:04:29,-8,-00:08:25,-3.03,621
15070,"Airport Code: 15070",62,61,1,1.61,3,00:03:14,-2,-00:01:54,1.39,436
15096,"Airport Code: 15096",640,635,5,0.78,3,00:02:54,-1,-00:00:45,1.11,456
15249,"Airport Code: 15249",279,278,1,0.36,1,00:00:49,-3,-00:03:04,-0.19,551
15295,"Airport Code: 15295",88,88,0,0.00,-4,-00:03:46,-7,-00:07:27,-2.62,617
15304,"Airport Code: 15304",5143,5132,11,0.21,4,00:04:09,-2,-00:02:09,0.92,477
15323,"Airport Code: 15323",159,159,0,0.00,6,00:06:14,5,00:04:46,2.82,320
15356,"Airport Code: 15356",277,277,0,0.00,4,00:03:33,-4,-00:03:34,0.35,514
15370,"Airport Code: 15370",1319,1312,7,0.53,3,00:02:33,-3,-00:02:47,0.47,502
15376,"Airport Code: 15376",1311,1301,10,0.76,3,00:03:20,-2,-00:01:34,1.07,463
15380,"Airport Code: 15380",208,208,0,0.00,2,00:01:41,-2,-00:01:48,0.15,534
15389,"Airport Code: 15389",87,87,0,0.00,-1,-00:00:54,-1,-00:01:13,-0.51,569
15401,"Airport Code: 15401",88,82,6,6.82,10,00:10:00,5,00:05:22,7.48,27
15411,"Airport Code: 15411",227,223,4,1.76,1,00:01:18,-5,-00:04:45,0.32,518
15412,"Airport Code: 15412",629,623,6,0.95,4,00:03:50,1,00:01:16,1.88,396
15497,"Airport Code: 15497",14,14,0,0.00,1,00:00:56,-1,-00:01:04,0.06,538
15607,"Airport Code: 15607",88,88,0,0.00,7,00:07:03,6,00:06:17,3.37,276
15624,"Airport Code: 15624",415,411,4,0.96,4,00:03:41,-1,-00:00:44,1.44,429
15841,"Airport Code: 15841",62,60,2,3.23,8,00:08:28,7,00:07:01,5.56,93
15919,"Airport Code: 15919",941,934,7,0.74,4,00:04:29,1,00:01:08,1.94,390
15991,"Airport Code: 15991",62,62,0,0.00,-4,-00:03:44,-2,-00:02:21,-1.59,595
16218,"Airport Code: 16218",177,177,0,0.00,0,00:00:03,2,00:02:00,0.41,510
ABE,"Lehigh Valley International Airport",2274,2235,39,1.72,9,00:08:50,6,00:06:14,4.76,159
ABI,"Abilene Regional Airport",2329,2232,97,4.16,6,00:05:45,3,00:03:16,4.46,185
ABQ,"Albuquerque International Sunport",19192,18980,212,1.10,9,00:08:52,5,00:04:45,4.16,205
ABR,"Aberdeen Regional Airport",671,663,8,1.19,10,00:10:06,10,00:09:55,5.61,90
ABY,"Southwest Georgia Regional Airport",876,867,9,1.03,9,00:08:53,8,00:07:35,4.69,168
ACK,"Nantucket Memorial Airport",492,486,6,1.22,16,00:16:23,9,00:09:27,7.42,30
ACT,"Waco Regional Airport",1612,1539,73,4.53,7,00:07:15,5,00:04:39,5.37,104
ACV,"Arcata Airport",1320,1269,51,3.86,12,00:12:02,8,00:07:50,7.11,35
ACY,"Atlantic City International Airport",3572,3532,40,1.12,10,00:09:57,9,00:08:43,5.29,109
ADK,"Adak Airport",96,89,7,7.29,11,00:10:40,11,00:10:55,9.03,19
ADQ,"Kodiak Airport",460,437,23,5.00,0,00:00:24,2,00:01:54,3.00,306
AEX,"Alexandria International Airport",3146,3060,86,2.73,9,00:09:06,9,00:08:56,5.88,79
AGS,"Augusta Regional Airport (Bush Field)",2361,2346,15,0.64,8,00:08:29,8,00:08:27,4.55,177
AKN,"King Salmon Airport",63,63,0,0.00,3,00:02:41,4,00:04:21,1.67,410
ALB,"Albany International Airport",7459,7341,118,1.58,7,00:06:48,-2,-00:01:52,2.46,348
ALO,"Waterloo Regional Airport",617,582,35,5.67,6,00:05:32,1,00:01:09,4.73,162
AMA,"Rick Husband Amarillo International Airport",4214,4080,134,3.18,7,00:07:05,6,00:06:24,5.00,134
ANC,"Ted Stevens Anchorage International Airport",16005,15881,124,0.77,3,00:03:24,0,-00:00:23,1.33,443
APN,"Alpena County Regional Airport",573,547,26,4.54,5,00:04:58,2,00:01:46,4.11,209
ASE,"Aspen-Pitkin County Airport",3562,3286,276,7.75,17,00:17:28,15,00:15:23,12.19,5
ATL,"Hartsfield-Jackson Atlanta International Airport",346836,344279,2557,0.74,9,00:09:20,3,00:03:02,3.77,250
ATW,"Appleton International Airport",2848,2765,83,2.91,6,00:05:40,6,00:05:39,4.29,197
AUS,"Austin-Bergstrom International Airport",42067,41489,578,1.37,10,00:10:12,5,00:05:00,4.75,161
AVL,"Asheville Regional Airport",2745,2684,61,2.22,9,00:09:16,6,00:06:04,5.10,125
AVP,"Wilkes-Barre/Scranton International Airport",1359,1331,28,2.06,9,00:08:58,6,00:06:29,5.01,133
AZO,"Kalamazoo/Battle Creek International Airport",1845,1743,102,5.53,3,00:03:29,1,00:00:44,3.96,223
BDL,"Bradley International Airport",18799,18437,362,1.93,8,00:07:36,1,00:00:45,3.40,274
BET,"Bethel Airport",896,880,16,1.79,2,00:01:48,4,00:03:45,2.18,369
BFL,"Meadows Field",2637,2595,42,1.59,6,00:05:49,3,00:03:29,3.24,290
BGM,"Greater Binghamton Airport",262,259,3,1.15,11,00:10:37,6,00:05:54,4.93,144
BGR,"Bangor International Airport",366,363,3,0.82,6,00:05:54,2,00:02:13,2.62,340
BHM,"Birmingham-Shuttlesworth International Airport",12514,12333,181,1.45,9,00:09:01,4,00:04:29,4.33,195
BIL,"Billings Logan International Airport",2866,2853,13,0.45,1,00:01:29,-2,-00:02:18,0.21,526
BIS,"Bismarck Municipal Airport",3453,3393,60,1.74,7,00:07:06,5,00:04:58,3.99,218
BJI,"Bemidji Regional Airport",667,664,3,0.45,5,00:05:26,1,00:01:02,2.06,379
BLI,"Bellingham International Airport",711,708,3,0.42,0,-00:00:26,-1,-00:01:24,-0.20,553
BMI,"Central Illinois Regional Airport at Bloomington-Normal",2730,2626,104,3.81,7,00:06:40,6,00:05:58,5.10,126
BNA,"Nashville International Airport",47580,46514,1066,2.24,10,00:09:45,5,00:04:34,4.96,139
BOI,"Boise Airport (Boise Air Terminal)",11655,11554,101,0.87,9,00:08:38,6,00:05:53,4.20,203
BOS,"Gen. Edward Lawrence Logan International Airport",107847,105193,2654,2.46,10,00:09:34,4,00:04:17,4.96,140
BPT,"Jack Brooks Regional Airport (Southeast Texas Regional)",973,910,63,6.47,17,00:17:02,16,00:16:04,11.56,8
BQK,"Brunswick Golden Isles Airport",878,869,9,1.03,8,00:08:08,5,00:04:51,3.92,231
BQN,"Rafael Hernández Airport",1343,1332,11,0.82,12,00:12:23,4,00:04:22,5.00,135
BRD,"Brainerd Lakes Regional Airport",589,582,7,1.19,0,-00:00:04,-1,-00:01:16,0.32,519
BRO,"Brownsville/South Padre Island International Airport",2362,2265,97,4.11,5,00:05:03,2,00:02:18,4.03,213
BRW,"Wiley Post-Will Rogers Memorial Airport",855,828,27,3.16,2,00:01:39,2,00:01:54,2.45,351
BTM,"Bert Mooney Airport",667,648,19,2.85,1,00:00:40,-6,-00:06:05,0.41,511
BTR,"Baton Rouge Metropolitan Airport",7166,7003,163,2.27,11,00:10:58,11,00:11:10,6.66,42
BTV,"Burlington International Airport",2978,2889,89,2.99,10,00:09:32,6,00:05:54,5.54,96
BUF,"Buffalo Niagara International Airport",16824,16507,317,1.88,7,00:07:07,0,00:00:18,3.14,295
BUR,"Bob Hope Airport (Hollywood Burbank Airport)",18889,18574,315,1.67,6,00:06:02,3,00:03:08,3.27,286
BWI,"Baltimore-Washington International Airport",86079,84546,1533,1.78,13,00:13:18,7,00:07:14,6.33,54
BZN,"Bozeman Yellowstone International Airport (Gallatin Field Airport)",3604,3565,39,1.08,6,00:05:58,2,00:01:47,2.69,333
CAE,"Columbia Metropolitan Airport",5151,5057,94,1.82,10,00:10:11,8,00:07:39,5.50,99
CAK,"Akron-Canton Regional Airport",6100,6000,100,1.64,6,00:06:07,0,-00:00:04,2.64,338
CDC,"Cedar City Regional Airport",573,572,1,0.17,3,00:03:10,1,00:01:00,1.24,447
CDV,"Merle K. (Mudhole) Smith Airport",662,653,9,1.36,-3,-00:03:16,-2,-00:01:36,-0.62,573
CEC,"Del Norte County Airport (Jack McNamara Field)",190,174,16,8.42,17,00:17:25,10,00:09:32,11.34,9
CHA,"Chattanooga Metropolitan Airport (Lovell Field)",4202,4132,70,1.67,8,00:08:05,6,00:05:43,4.40,189
CHO,"Charlottesville-Albemarle Airport",2204,2104,100,4.54,13,00:12:42,9,00:09:17,7.93,23
CHS,"Charleston International Airport/Charleston AFB",11817,11583,234,1.98,8,00:08:29,4,00:03:51,4.30,196
CID,"The Eastern Iowa Airport",6832,6608,224,3.28,10,00:09:48,9,00:08:41,6.32,56
CIU,"Chippewa County International Airport",613,597,16,2.61,11,00:10:45,9,00:08:39,6.26,58
CLD,"McClellan-Palomar Airport",641,628,13,2.03,5,00:05:21,5,00:05:14,3.67,257
CLE,"Cleveland Hopkins International Airport",34589,33855,734,2.12,8,00:08:28,3,00:03:02,4.21,202
CLL,"Easterwood Airport",2311,2202,109,4.72,3,00:02:52,3,00:02:48,3.78,248
CLT,"Charlotte Douglas International Airport",100324,99243,1081,1.08,8,00:08:25,6,00:05:50,4.23,201
CMH,"Port Columbus International Airport",24187,23649,538,2.22,10,00:09:36,4,00:03:34,4.70,167
CMI,"University of Illinois - Willard Airport",2116,1999,117,5.53,8,00:07:35,4,00:04:13,5.88,80
CMX,"Houghton County Memorial Airport",668,623,45,6.74,7,00:06:38,6,00:05:44,6.51,45
CNY,"Canyonlands Field",206,205,1,0.49,-6,-00:06:04,-21,-00:20:41,-5.71,627
COD,"Yellowstone Regional Airport",665,653,12,1.80,7,00:07:10,8,00:08:16,4.71,166
COS,"City of Colorado Springs Municipal Airport",6881,6765,116,1.69,9,00:09:13,7,00:07:24,5.09,128
COU,"Columbia Regional Airport",1308,1244,64,4.89,15,00:14:44,12,00:11:43,9.21,17
CPR,"Natrona County International Airport",1774,1745,29,1.63,1,00:00:58,-5,-00:04:39,0.18,530
CRP,"Corpus Christi International Airport",4888,4737,151,3.09,8,00:07:51,7,00:06:34,5.21,118
CRW,"Yeager Airport",2385,2326,59,2.47,11,00:11:29,11,00:10:36,6.80,38
CSG,"Columbus Metropolitan Airport",1068,1061,7,0.66,6,00:05:34,4,00:04:23,2.87,313
CVG,"Cincinnati/Northern Kentucky International Airport",20031,19523,508,2.54,9,00:09:25,6,00:05:53,5.27,111
CWA,"Central Wisconsin Airport",1420,1364,56,3.94,6,00:05:45,4,00:04:15,4.55,178
DAB,"Daytona Beach International Airport",1494,1490,4,0.27,5,00:05:20,-1,-00:00:33,1.62,415
DAL,"Dallas Love Field",59699,58849,850,1.42,12,00:12:00,8,00:07:58,5.90,76
DAY,"James M. Cox Dayton International Airport",8676,8385,291,3.35,8,00:07:30,4,00:04:02,4.73,163
DBQ,"Dubuque Regional Airport",928,870,58,6.25,5,00:04:50,2,00:01:54,4.96,141
DCA,"Ronald Reagan Washington National Airport",73794,71767,2027,2.75,8,00:07:58,3,00:03:07,4.39,191
DEN,"Denver International Airport",196055,193932,2123,1.08,12,00:11:48,7,00:07:10,5.52,97
DFW,"Dallas/Fort Worth International Airport",239551,233297,6254,2.61,11,00:11:27,7,00:06:54,6.12,65
DHN,"Dothan Regional Airport",1260,1243,17,1.35,8,00:07:46,9,00:09:17,4.86,155
DIK,"Dickinson Theodore Roosevelt Regional Airport",938,921,17,1.81,1,00:01:13,-5,-00:04:36,0.35,515
DLG,"Dillingham Airport",77,77,0,0.00,1,00:00:34,-8,-00:07:52,-1.41,593
DLH,"Duluth International Airport",1719,1667,52,3.03,8,00:08:24,10,00:10:01,6.04,70
DRO,"Durango-La Plata County Airport",2068,2024,44,2.13,7,00:06:34,6,00:06:06,4.25,200
DSM,"Des Moines International Airport",8385,8130,255,3.04,10,00:10:22,7,00:06:51,6.00,73
DTW,"Detroit Metropolitan Airport",108500,107230,1270,1.17,9,00:09:08,4,00:03:35,4.04,211
DVL,"Devils Lake Regional Airport",525,479,46,8.76,6,00:06:00,3,00:03:04,6.80,39
EAU,"Chippewa Valley Regional Airport",668,635,33,4.94,9,00:09:18,6,00:05:56,6.44,52
ECP,"Northwest Florida Beaches International Airport",4169,4149,20,0.48,6,00:05:52,0,00:00:23,2.08,377
EGE,"Eagle County Regional Airport",1241,1204,37,2.98,16,00:15:45,12,00:12:20,8.69,21
EKO,"Elko Regional Airport",531,517,14,2.64,-4,-00:03:46,-3,-00:03:17,-0.47,565
ELM,"Elmira/Corning Regional Airport",2051,2011,40,1.95,6,00:06:23,6,00:05:33,4.00,217
ELP,"El Paso International Airport",11972,11840,132,1.10,8,00:07:50,5,00:04:59,3.90,233
ERI,"Erie International Airport",746,710,36,4.83,8,00:07:53,9,00:08:48,6.54,44
ESC,"Delta County Airport",573,556,17,2.97,7,00:07:14,2,00:02:21,4.12,208
EUG,"Eugene Airport (Mahlon Sweet Field)",3632,3565,67,1.84,7,00:07:10,4,00:03:31,3.77,251
EVV,"Evansville Regional Airport",3834,3714,120,3.13,8,00:07:39,6,00:06:18,5.12,124
EWN,"Coastal Carolina Regional Airport (Craven County Regional)",575,567,8,1.39,5,00:05:24,6,00:05:31,3.42,272
EWR,"Newark Liberty International Airport",101772,98662,3110,3.06,14,00:13:35,4,00:04:28,6.50,49
EYW,"Key West International Airport",1973,1954,19,0.96,7,00:06:42,3,00:02:46,3.05,301
FAI,"Fairbanks International Airport",2183,2173,10,0.46,3,00:03:25,1,00:00:42,1.39,437
FAR,"Hector International Airport",5693,5582,111,1.95,7,00:07:05,4,00:04:24,3.98,220
FAT,"Fresno Yosemite International Airport",7018,6951,67,0.95,10,00:10:00,9,00:08:48,5.24,115
FAY,"Fayetteville Regional Airport",1633,1618,15,0.92,10,00:09:34,6,00:06:21,4.60,175
FCA,"Glacier Park International Airport",2025,2006,19,0.94,1,00:01:27,-2,-00:02:20,0.43,507
FLG,"Flagstaff Pulliam Airport",1660,1610,50,3.01,4,00:04:03,6,00:05:36,3.84,241
FLL,"Fort Lauderdale-Hollywood International Airport",73624,72830,794,1.08,11,00:10:42,4,00:03:36,4.47,184
FNT,"Bishop International Airport",4746,4637,109,2.30,4,00:04:24,-2,-00:01:54,2.09,376
FSD,"Sioux Falls Regional Airport",5331,5177,154,2.89,9,00:09:29,9,00:09:14,6.13,64
FSM,"Fort Smith Regional Airport",1971,1913,58,2.94,7,00:06:51,7,00:06:51,4.89,148
FWA,"Fort Wayne International Airport",5261,5090,171,3.25,9,00:09:29,7,00:07:13,5.91,75
GCC,"Gillette-Campbell County Airport",997,986,11,1.10,1,00:01:29,-5,-00:05:03,-0.01,542
GCK,"Garden City Regional Airport",663,638,25,3.77,6,00:06:08,6,00:05:48,4.88,150
GEG,"Spokane International Airport",9505,9456,49,0.52,5,00:04:56,3,00:02:47,2.29,360
GFK,"Grand Forks International Airport",717,714,3,0.42,3,00:03:02,4,00:04:25,2.00,385
GGG,"East Texas Regional Airport",643,615,28,4.35,8,00:08:08,9,00:09:14,6.46,51
GJT,"Grand Junction Regional Airport (Walker Field)",3179,3140,39,1.23,3,00:02:36,1,00:01:12,1.63,414
GNV,"Gainesville Regional Airport",2683,2644,39,1.45,9,00:08:37,8,00:08:08,4.94,143
GPT,"Gulfport-Biloxi International Airport",3605,3529,76,2.11,5,00:04:40,2,00:01:32,2.76,325
GRB,"Green Bay-Austin Straubel International Airport",4881,4730,151,3.09,5,00:04:32,4,00:03:49,3.67,258
GRI,"Central Nebraska Regional Airport",634,611,23,3.63,5,00:04:46,1,00:00:42,3.38,275
GRK,"Killeen-Fort Hood Regional Airport",4033,3877,156,3.87,6,00:06:15,6,00:05:49,4.97,138
GRR,"Gerald R. Ford International Airport",10845,10569,276,2.54,8,00:07:38,2,00:01:57,3.95,225
GSO,"Piedmont Triad International Airport",6737,6481,256,3.80,10,00:09:52,6,00:06:06,6.08,67
GSP,"Greenville-Spartanburg International Airport",6542,6404,138,2.11,7,00:07:11,3,00:03:06,3.83,242
GST,"Gustavus Airport",77,76,1,1.30,17,00:17:10,22,00:21:46,10.15,12
GTF,"Great Falls International Airport",1966,1952,14,0.71,1,00:00:58,-1,-00:00:59,0.45,505
GTR,"Golden Triangle Regional Airport",927,913,14,1.51,7,00:07:17,8,00:07:54,4.52,181
GUC,"Gunnison-Crested Butte Regional Airport",497,472,25,5.03,10,00:10:13,9,00:08:38,7.31,33
GUM,"Guam International Airport",334,331,3,0.90,16,00:16:29,5,00:04:50,6.36,53
HDN,"Yampa Valley Airport (Yampa Valley Regional)",703,687,16,2.28,11,00:11:20,9,00:08:33,6.25,60
HIB,"Range Regional Airport (Chisholm-Hibbing Airport)",898,878,20,2.23,1,00:01:18,-2,-00:02:24,1.02,468
HLN,"Helena Regional Airport",1435,1426,9,0.63,1,00:00:51,-2,-00:02:18,0.11,535
HNL,"Honolulu International Airport",43172,42998,174,0.40,3,00:02:39,1,00:00:48,1.16,454
HOB,"Lea County Regional Airport",571,548,23,4.03,5,00:05:20,3,00:03:14,4.26,198
HOU,"William P. Hobby Airport",52042,51268,774,1.49,12,00:12:07,8,00:07:35,5.90,77
HPN,"Westchester County Airport",7443,7164,279,3.75,12,00:12:14,10,00:09:31,7.45,28
HRL,"Valley International Airport",3079,3036,43,1.40,3,00:03:27,1,00:01:13,1.98,387
HSV,"Huntsville International Airport",4519,4436,83,1.84,8,00:07:40,3,00:03:23,3.90,234
HYA,"Barnstable Municipal Airport",83,82,1,1.20,23,00:23:11,9,00:08:37,9.28,16
HYS,"Hays Regional Airport",573,558,15,2.62,3,00:02:35,3,00:03:12,2.72,330
IAD,"Washington Dulles International Airport",34305,33750,555,1.62,13,00:12:40,5,00:05:09,5.64,88
IAG,"Niagara Falls International Airport",322,312,10,3.11,5,00:05:24,4,00:03:53,3.95,226
IAH,"George Bush Intercontinental Airport",146622,144492,2130,1.45,12,00:11:31,7,00:07:21,5.65,87
ICT,"Wichita Dwight D. Eisenhower National Airport (Wichita Mid-Continent Airport)",8096,7901,195,2.41,10,00:09:47,7,00:06:55,5.52,98
IDA,"Idaho Falls Regional Airport",2247,2228,19,0.85,1,00:00:41,-3,-00:02:42,0.09,537
ILG,"Wilmington Airport",100,95,5,5.00,30,00:29:34,24,00:24:04,16.18,3
ILM,"Wilmington International Airport",1860,1844,16,0.86,6,00:05:58,4,00:03:57,3.01,305
IMT,"Ford Airport",620,609,11,1.77,3,00:02:35,-1,-00:00:42,1.52,424
IND,"Indianapolis International Airport",25558,25117,441,1.73,8,00:08:11,2,00:02:15,3.77,252
INL,"Falls International Airport",574,565,9,1.57,5,00:05:20,5,00:05:19,3.45,270
ISN,"Sloulin Field International Airport",2542,2513,29,1.14,4,00:04:17,1,00:00:50,2.02,382
ISP,"Long Island MacArthur Airport",4392,4257,135,3.07,10,00:10:12,2,00:02:06,5.02,132
ITH,"Ithaca Tompkins Regional Airport",34,30,4,11.76,15,00:14:38,8,00:07:54,11.85,7
ITO,"Hilo International Airport",5723,5711,12,0.21,-1,-00:00:52,0,00:00:21,-0.09,545
JAC,"Jackson Hole Airport",3511,3457,54,1.54,8,00:07:54,3,00:02:30,3.64,259
JAN,"Jackson-Evers International Airport",7097,6927,170,2.40,7,00:07:00,4,00:04:29,4.19,204
JAX,"Jacksonville International Airport",18038,17827,211,1.17,9,00:08:33,4,00:03:43,3.89,236
JFK,"John F. Kennedy International Airport (New York International Airport)",93811,91889,1922,2.05,12,00:12:06,4,00:03:36,5.37,105
JLN,"Joplin Regional Airport",666,633,33,4.95,9,00:08:42,9,00:09:27,6.98,36
JMS,"Jamestown Regional Airport",812,753,59,7.27,4,00:04:00,3,00:03:19,5.50,100
JNU,"Juneau International Airport",4094,4045,49,1.20,4,00:04:13,5,00:05:30,2.96,308
KOA,"Kona International Airport at Keahole",11114,11074,40,0.36,1,00:01:26,0,-00:00:15,0.56,497
KTN,"Ketchikan International Airport",2319,2291,28,1.21,3,00:02:35,3,00:03:12,2.02,383
LAN,"Capital Region International Airport ( Lansing Capital City)",1849,1802,47,2.54,7,00:07:07,6,00:06:19,4.67,170
LAR,"Laramie Regional Airport",581,557,24,4.13,3,00:03:05,-4,-00:03:59,2.20,366
LAS,"McCarran International Airport",133181,132245,936,0.70,11,00:10:57,6,00:06:01,4.84,156
LAW,"Lawton-Fort Sill Regional Airport",1331,1237,94,7.06,7,00:07:17,7,00:07:14,7.16,34
LAX,"Los Angeles International Airport",194673,192509,2164,1.11,11,00:10:39,6,00:05:43,4.89,149
LBB,"Lubbock Preston Smith International Airport",4637,4475,162,3.49,7,00:07:30,6,00:06:16,5.25,113
LBE,"Arnold Palmer Regional Airport",1281,1245,36,2.81,10,00:09:56,8,00:07:35,5.90,78
LCH,"Lake Charles Regional Airport",1860,1804,56,3.01,3,00:02:52,1,00:00:58,2.56,342
LEX,"Blue Grass Airport",5979,5809,170,2.84,7,00:06:59,3,00:02:44,4.07,210
LFT,"Lafayette Regional Airport",5149,5023,126,2.45,8,00:07:43,8,00:07:35,5.05,130
LGA,"LaGuardia Airport (Marine Air Terminal)",99605,95074,4531,4.55,13,00:13:11,6,00:05:37,7.35,32
LGB,"Long Beach Airport (Daugherty Field)",8777,8717,60,0.68,7,00:07:09,4,00:04:04,3.30,280
LIH,"Lihue Airport",10545,10501,44,0.42,1,00:00:33,-1,-00:01:00,0.17,532
LIT,"Bill and Hillary Clinton National Airport (Adams Field)",10422,10155,267,2.56,10,00:09:32,6,00:05:54,5.32,108
LNK,"Lincoln Airport (Lincoln Municipal)",2636,2568,68,2.58,6,00:05:38,5,00:04:45,3.93,228
LRD,"Laredo International Airport",2202,2138,64,2.91,4,00:04:05,3,00:02:55,3.26,288
LSE,"La Crosse Regional Airport",1645,1582,63,3.83,5,00:05:07,2,00:01:33,3.76,254
LWS,"Lewiston-Nez Perce County Airport",588,588,0,0.00,-3,-00:02:59,-7,-00:06:37,-2.22,607
MAF,"Midland International Airport",7527,7276,251,3.33,7,00:07:00,6,00:05:43,4.91,146
MBS,"MBS International Airport",1721,1654,67,3.89,8,00:07:46,5,00:04:53,5.25,114
MCI,"Kansas City International Airport",38665,38222,443,1.15,8,00:08:25,4,00:04:15,3.95,227
MCO,"Orlando International Airport",110982,109864,1118,1.01,12,00:12:02,7,00:06:56,5.50,101
MDT,"Harrisburg International Airport",3285,3219,66,2.01,8,00:08:20,2,00:02:17,3.96,224
MDW,"Chicago Midway International Airport",80886,78927,1959,2.42,13,00:12:49,6,00:06:02,6.26,59
MEI,"Meridian Regional Airport",907,893,14,1.54,8,00:07:43,8,00:07:41,4.62,172
MEM,"Memphis International Airport",14770,14425,345,2.34,9,00:08:54,4,00:04:29,4.73,164
MFE,"McAllen-Miller International Airport (McAllen Miller International)",3411,3300,111,3.25,7,00:07:01,4,00:04:22,4.61,174
MFR,"Rogue Valley International Airport",2476,2437,39,1.58,7,00:07:30,4,00:04:26,3.92,232
MGM,"Montgomery Regional Airport",3171,3117,54,1.70,8,00:08:25,7,00:07:28,4.87,153
MHK,"Manhattan Regional Airport",1634,1566,68,4.16,4,00:04:01,3,00:02:58,3.88,238
MHT,"Manchester-Boston Regional Airport",6292,6141,151,2.40,7,00:07:14,0,-00:00:16,3.32,277
MIA,"Miami International Airport",69341,68558,783,1.13,12,00:12:30,7,00:07:01,5.72,84
MKE,"General Mitchell International Airport",29825,29248,577,1.93,8,00:07:43,3,00:02:34,3.80,246
MKG,"Muskegon County Airport",667,618,49,7.35,9,00:08:33,7,00:06:36,7.56,26
MLB,"Melbourne International Airport",1332,1327,5,0.38,9,00:08:47,2,00:02:10,3.26,289
MLI,"Quad City International Airport",3777,3630,147,3.89,9,00:08:52,7,00:07:10,6.04,71
MLU,"Monroe Regional Airport",2961,2888,73,2.47,8,00:07:48,7,00:07:26,5.06,129
MMH,"Mammoth Yosemite Airport",156,140,16,10.26,10,00:09:55,8,00:07:56,9.69,14
MOB,"Mobile Regional Airport",5018,4922,96,1.91,7,00:07:07,7,00:07:08,4.52,182
MOT,"Minot International Airport",1850,1823,27,1.46,5,00:04:57,3,00:02:52,2.79,324
MQT,"Sawyer International Airport",304,296,8,2.63,9,00:09:08,2,00:02:13,4.50,183
MRY,"Monterey Regional Airport (Monterey Peninsula Airport)",2974,2840,134,4.51,7,00:07:24,6,00:06:12,5.71,85
MSN,"Dane County Regional Airport",9135,8851,284,3.11,5,00:05:30,3,00:03:02,3.81,245
MSO,"Missoula International Airport",2077,2058,19,0.91,2,00:01:47,-1,-00:01:19,0.73,490
MSP,"Minneapolis-Saint Paul International Airport",112117,111309,808,0.72,7,00:07:14,2,00:01:58,2.92,310
MSY,"Louis Armstrong New Orleans International Airport",38804,38393,411,1.06,9,00:08:41,4,00:03:45,3.89,237
MTJ,"Montrose Regional Airport",1001,972,29,2.90,5,00:05:16,3,00:02:31,3.53,266
MVY,"Martha's Vineyard Airport",205,205,0,0.00,26,00:25:54,13,00:12:59,10.37,10
MYR,"Myrtle Beach International Airport",4831,4733,98,2.03,10,00:09:41,8,00:07:35,5.43,102
OAJ,"Albert J. Ellis Airport",1136,1121,15,1.32,10,00:10:16,9,00:09:21,5.61,91
OAK,"Oakland International Airport",42316,41743,573,1.35,10,00:09:32,7,00:06:39,4.87,154
OGG,"Kahului Airport",20627,20501,126,0.61,4,00:03:32,1,00:01:04,1.58,421
OKC,"Will Rogers World Airport",16144,15844,300,1.86,9,00:08:40,5,00:05:03,4.54,180
OMA,"Eppley Airfield",16753,16490,263,1.57,8,00:07:48,4,00:03:43,3.87,239
OME,"Nome Airport",663,636,27,4.07,6,00:05:32,8,00:07:50,5.27,112
ONT,"Ontario International Airport",17978,17796,182,1.01,8,00:08:20,4,00:04:08,3.83,243
ORD,"Chicago O'Hare International Airport",285884,277336,8548,2.99,14,00:14:04,9,00:08:35,7.43,29
ORF,"Norfolk International Airport",9374,9111,263,2.81,10,00:09:40,4,00:04:01,5.10,127
ORH,"Worcester Regional Airport",663,637,26,3.92,5,00:05:18,1,00:00:57,3.74,255
OTH,"Southwest Oregon Regional Airport (North Bend Municipal)",275,265,10,3.64,18,00:17:47,14,00:14:17,10.01,13
OTZ,"Ralph Wien Memorial Airport",663,641,22,3.32,5,00:04:45,6,00:06:29,4.38,193
PAH,"Barkley Regional Airport",666,622,44,6.61,8,00:07:52,6,00:05:58,6.86,37
PBG,"Plattsburgh International Airport",281,279,2,0.71,12,00:12:05,9,00:09:28,5.87,81
PBI,"Palm Beach International Airport",22573,22219,354,1.57,12,00:12:18,8,00:07:54,6.06,68
PDX,"Portland International Airport",47085,46873,212,0.45,5,00:05:23,1,00:01:12,2.08,378
PHF,"Newport News/Williamsburg International Airport",1263,1236,27,2.14,11,00:11:10,9,00:08:52,6.19,63
PHL,"Philadelphia International Airport",66021,64947,1074,1.63,10,00:10:24,4,00:04:23,4.81,157
PHX,"Phoenix Sky Harbor International Airport",146815,145913,902,0.61,9,00:08:39,4,00:04:23,3.78,249
PIA,"General Wayne A. Downing Peoria International Airport",4664,4509,155,3.32,8,00:07:57,6,00:06:10,5.28,110
PIB,"Hattiesburg-Laurel Regional Airport",573,566,7,1.22,8,00:07:36,9,00:08:40,4.62,173
PIH,"Pocatello Regional Airport",654,652,2,0.31,-1,-00:01:20,3,00:02:35,0.27,522
PIT,"Pittsburgh International Airport",24118,23730,388,1.61,7,00:06:32,-1,-00:01:12,2.53,344
PLN,"Pellston Regional Airport of Emmet County",753,732,21,2.79,11,00:10:39,8,00:07:34,6.10,66
PNS,"Pensacola International Airport (Pensacola Gulf Coast Regional Airport)",6534,6426,108,1.65,8,00:07:32,4,00:03:34,3.80,247
PPG,"Pago Pago International Airport (Tafuna Airport)",107,107,0,0.00,15,00:15:06,21,00:21:18,8.79,20
PSC,"Tri-Cities Airport",2433,2404,29,1.19,3,00:02:39,1,00:00:36,1.51,425
PSE,"Mercedita Airport",749,738,11,1.47,3,00:02:44,-4,-00:04:24,0.67,493
PSG,"Petersburg James A. Johnson Airport",664,655,9,1.36,5,00:04:31,5,00:05:28,3.13,298
PSP,"Palm Springs International Airport",8987,8886,101,1.12,8,00:07:58,6,00:06:00,4.15,206
PUB,"Pueblo Memorial Airport",264,253,11,4.17,2,00:01:54,2,00:02:13,3.10,300
PVD,"Theodore Francis Green State Airport",11058,10791,267,2.41,8,00:07:34,0,00:00:24,3.56,265
PWM,"Portland International Jetport",4681,4543,138,2.95,9,00:09:22,3,00:03:21,4.95,142
RAP,"Rapid City Regional Airport",3265,3217,48,1.47,5,00:05:26,3,00:03:25,3.05,302
RDD,"Redding Municipal Airport",727,706,21,2.89,6,00:06:28,0,00:00:11,3.42,273
RDM,"Redmond Municipal Airport (Roberts Field)",2152,2122,30,1.39,4,00:04:02,1,00:01:27,2.20,367
RDU,"Raleigh-Durham International Airport",31896,31155,741,2.32,10,00:09:43,5,00:04:34,4.99,136
RHI,"Rhinelander-Oneida County Airport",954,939,15,1.57,3,00:02:36,6,00:05:55,2.75,326
RIC,"Richmond International Airport",15355,14932,423,2.75,10,00:10:16,6,00:05:50,5.62,89
RKS,"Rock Springs-Sweetwater County Airport",690,672,18,2.61,5,00:04:40,0,00:00:09,2.73,329
RNO,"Reno/Tahoe International Airport",13011,12878,133,1.02,8,00:07:56,5,00:05:13,3.93,229
ROA,"Roanoke Regional Airport (Woodrum Field)",2282,2223,59,2.59,10,00:09:55,8,00:07:31,5.77,83
ROC,"Greater Rochester International Airport",7448,7263,185,2.48,8,00:07:48,1,00:00:56,3.77,253
ROW,"Roswell International Air Center",974,919,55,5.65,8,00:07:44,7,00:06:49,6.51,46
RST,"Rochester International Airport",2054,1975,79,3.85,7,00:07:16,4,00:03:53,4.88,151
RSW,"Southwest Florida International Airport",27350,27024,326,1.19,9,00:08:46,4,00:03:59,4.02,215
SAF,"Santa Fe Municipal Airport",1504,1444,60,3.99,10,00:09:34,8,00:08:15,6.51,47
SAN,"San Diego International Airport (Lindbergh Field)",70207,69422,785,1.12,8,00:08:21,3,00:03:19,3.73,256
SAT,"San Antonio International Airport",29788,29457,331,1.11,8,00:07:36,2,00:02:10,3.27,287
SAV,"Savannah/Hilton Head International Airport",7542,7397,145,1.92,11,00:10:48,6,00:05:47,5.36,106
SBA,"Santa Barbara Municipal Airport (Santa Barbara Airport)",6017,5890,127,2.11,6,00:06:29,5,00:04:56,3.99,219
SBN,"South Bend International Airport (South Bend Regional)",4454,4353,101,2.27,11,00:11:09,9,00:08:53,6.25,61
SBP,"San Luis Obispo County Regional Airport (McChesney Field)",3133,3068,65,2.07,7,00:06:57,5,00:04:33,4.03,214
SCC,"Deadhorse Airport (Prudhoe Bay Airport)",855,837,18,2.11,0,00:00:09,1,00:01:04,1.31,444
SCE,"University Park Airport",911,886,25,2.74,9,00:08:39,6,00:06:05,5.18,120
SDF,"Louisville International Airport (Standiford Field)",10204,9973,231,2.26,9,00:08:52,3,00:03:14,4.44,187
SEA,"Seattle-Tacoma International Airport",110899,110449,450,0.41,7,00:06:48,3,00:02:58,2.83,319
SFO,"San Francisco International Airport",148008,145860,2148,1.45,11,00:11:10,6,00:05:44,5.22,117
SGF,"Springfield-Branson National Airport",6236,6062,174,2.79,11,00:10:35,9,00:09:28,6.47,50
SGU,"St. George Regional Airport",1777,1771,6,0.34,4,00:03:31,2,00:01:52,1.60,418
SHV,"Shreveport Regional Airport",6099,5949,150,2.46,10,00:10:12,10,00:09:54,6.27,57
SIT,"Sitka Rocky Gutierrez Airport",1342,1333,9,0.67,1,00:01:17,2,00:01:56,1.11,457
SJC,"Norman Y. Mineta San José International Airport",38200,37762,438,1.15,7,00:07:23,5,00:05:08,3.82,244
SJT,"San Angelo Regional Airport (Mathis Field)",1628,1551,77,4.73,7,00:07:23,5,00:04:54,5.56,94
SJU,"Luis Muñoz Marín International Airport",24656,24465,191,0.77,10,00:10:08,3,00:02:31,3.93,230
SLC,"Salt Lake City International Airport",97210,96815,395,0.41,5,00:04:46,1,00:00:45,1.78,405
SMF,"Sacramento International Airport",37212,36854,358,0.96,8,00:08:03,5,00:05:27,3.98,221
SMX,"Santa Maria Public Airport (Capt G. Allan Hancock Field)",664,652,12,1.81,9,00:08:51,6,00:05:53,4.73,165
SNA,"John Wayne Airport (Orange County Airport)",37187,36801,386,1.04,7,00:06:32,2,00:01:39,2.81,322
SPI,"Abraham Lincoln Capital Airport",1587,1522,65,4.10,10,00:09:32,8,00:07:59,6.51,48
SPS,"Wichita Falls Municipal Airport/Sheppard AFB",1234,1173,61,4.94,8,00:07:32,6,00:06:24,6.01,72
SRQ,"Sarasota-Bradenton International Airport",3370,3331,39,1.16,10,00:09:54,5,00:04:30,4.45,186
STC,"St. Cloud Regional Airport",83,78,5,6.02,19,00:18:42,19,00:19:18,12.48,4
STL,"St. Louis International Airport at Lambert Field",46963,46316,647,1.38,10,00:09:34,4,00:04:21,4.43,188
STT,"Cyril E. King Airport",4348,4299,49,1.13,11,00:11:26,4,00:03:58,4.79,158
STX,"Henry E. Rohlsen Airport",939,936,3,0.32,8,00:07:44,5,00:04:46,3.43,271
SUN,"Friedman Memorial Airport",956,868,88,9.21,4,00:04:21,1,00:01:27,6.20,62
SUX,"Sioux Gateway Airport",620,591,29,4.68,10,00:09:41,7,00:06:56,6.63,43
SWF,"Stewart International Airport",695,683,12,1.73,10,00:10:15,7,00:07:00,5.34,107
SYR,"Syracuse Hancock International Airport",5608,5462,146,2.60,6,00:06:19,0,00:00:29,3.29,283
TLH,"Tallahassee International Airport",3194,3152,42,1.31,7,00:07:18,4,00:03:51,3.62,260
TOL,"Toledo Express Airport",962,897,65,6.76,4,00:03:53,-3,-00:02:39,4.02,216
TPA,"Tampa International Airport",63906,63282,624,0.98,10,00:10:11,5,00:05:03,4.55,179
TRI,"Tri-Cities Regional Airport",1928,1907,21,1.09,6,00:05:50,4,00:04:04,3.11,299
TTN,"Trenton Mercer Airport",2830,2779,51,1.80,14,00:14:18,12,00:11:57,7.58,25
TUL,"Tulsa International Airport",13970,13739,231,1.65,8,00:07:38,4,00:04:15,3.97,222
TUS,"Tucson International Airport",15117,14963,154,1.02,6,00:05:49,2,00:02:26,2.74,328
TVC,"Cherry Capital Airport",2756,2664,92,3.34,5,00:05:10,2,00:01:56,3.60,261
TWF,"Magic Valley Regional Airport (Joslin Field)",815,806,9,1.10,-1,-00:00:53,-2,-00:01:35,-0.03,543
TXK,"Texarkana Regional Airport (Webb Field)",978,918,60,6.13,5,00:04:45,5,00:05:16,5.55,95
TYR,"Tyler Pounds Regional Airport",2300,2200,100,4.35,7,00:06:59,7,00:06:39,5.60,92
TYS,"McGhee Tyson Airport",6963,6791,172,2.47,11,00:10:39,8,00:08:08,6.06,69
UST,"Northeast Florida Regional Airport (St. Augustine Airport)",155,144,11,7.10,16,00:16:22,9,00:08:58,10.25,11
VEL,"Valdez Airport",206,200,6,2.91,-4,-00:03:44,-8,-00:07:31,-1.17,585
VLD,"Valdosta Regional Airport",935,927,8,0.86,7,00:07:19,7,00:07:04,4.04,212
VPS,"Destin-Fort Walton Beach Airport/Eglin AFB",4868,4769,99,2.03,10,00:09:39,6,00:05:39,5.04,131
WRG,"Wrangell Airport",664,653,11,1.66,3,00:03:06,5,00:04:38,2.68,334
WYS,"Westerly State Airport",208,208,0,0.00,1,00:01:23,-2,-00:01:52,0.04,539
XNA,"Northwest Arkansas Regional Airport",9283,8987,296,3.19,12,00:11:50,11,00:11:12,7.38,31
YAK,"Yakutat Airport",662,657,5,0.76,-6,-00:06:18,-6,-00:05:34,-2.62,618
YUM,"Yuma International Airport",1877,1854,23,1.23,1,00:01:14,2,00:02:11,1.42,433
